Time (s),Location - X (cm),Location - Y (cm),Orientation - Pitch (°),Orientation - Roll (°),Orientation - Yaw (°),Gyroscope - Pitch (°/s),Gyroscope - Roll (°/s),Gyroscope - Yaw (°/s),Accelerometer - Total (g),Accelerometer - X (g),Accelerometer - Y (g),Accelerometer - Z (g),Velocity - Total (cm/s),Velocity - X (cm/s),Velocity - Y (cm/s),Distance - Total (cm),Distance - X (cm),Distance - Y (cm)
0.00,0.00,0.00,-3.00,-4.00,0.00,0.0,0.0,0.0,1.02,-0.11,0.10,1.01,0.00,0.00,0.00,0.00,0.00,0.00
0.15,0.00,0.00,-3.00,-4.00,0.00,0.0,0.0,0.0,1.02,-0.11,0.10,1.01,0.00,0.00,0.00,0.00,0.00,0.00
0.30,0.00,2.00,11.00,-4.00,0.00,-408.0,0.2,-33.3,0.74,-0.32,-0.27,0.61,56.30,0.00,56.30,2.00,0.00,2.00
0.45,0.00,10.00,56.00,-2.00,0.00,11.8,-2.1,12.5,0.72,0.11,-0.44,0.56,25.60,0.50,25.60,10.00,0.00,10.00
0.60,0.00,15.00,38.00,-3.00,0.00,173.2,-0.7,-5.1,0.94,-0.46,-0.18,0.80,61.80,-0.30,61.80,15.00,0.00,15.00
0.75,0.00,29.00,40.00,-2.00,0.00,-35.1,6.4,0.4,0.33,0.17,-0.25,-0.12,106.90,-1.00,106.90,29.00,0.00,29.00
0.90,0.00,45.00,35.00,-3.00,1.00,252.9,-3.6,2.9,1.17,0.31,0.09,1.12,99.14,-2.70,99.10,45.00,0.00,45.00
1.07,0.00,63.00,21.00,-4.00,1.00,46.3,-13.8,7.2,1.30,-0.88,-0.93,0.20,121.42,-2.10,121.40,63.00,0.00,63.00
1.20,0.00,81.00,13.00,-4.00,1.00,0.2,-16.2,-10.9,2.37,-0.78,-0.66,2.14,134.22,-2.30,134.20,81.00,0.00,81.00
1.35,0.00,100.00,4.00,-1.00,0.00,58.3,-10.3,0.5,0.54,-0.23,0.48,-0.05,127.90,-0.10,127.90,100.00,0.00,100.00
1.50,0.00,119.00,0.00,-1.00,0.00,-21.7,32.1,12.5,1.35,0.97,0.00,0.94,133.43,-3.00,133.40,119.00,0.00,119.00
1.65,0.00,139.00,0.00,-2.00,1.00,24.5,-7.4,-2.7,1.68,-1.31,0.13,1.05,133.41,-1.20,133.40,139.00,0.00,139.00
1.80,0.00,159.00,0.00,0.00,0.00,5.0,-21.3,0.0,0.60,0.55,-0.18,0.17,136.91,1.60,136.90,159.00,0.00,159.00
1.95,-1.00,179.00,2.00,-4.00,1.00,-63.3,16.9,14.2,0.87,-0.24,0.12,0.83,132.13,-2.70,132.10,179.02,1.00,179.00
2.10,-1.00,199.00,2.00,-2.00,1.00,-2.4,-15.7,-10.2,0.79,0.51,0.41,-0.45,134.50,-1.00,134.50,199.02,1.00,199.00
2.25,-1.00,218.00,3.00,0.00,0.00,70.9,-1.3,-6.3,0.52,-0.42,0.15,0.28,128.41,1.20,128.40,218.02,1.00,218.00
2.40,-1.00,238.00,1.00,-3.00,0.00,123.3,-9.7,8.2,0.51,-0.38,0.31,0.15,119.50,-0.20,119.50,238.02,1.00,238.00
2.55,-1.00,258.00,1.00,-1.00,0.00,-82.9,-27.9,-18.5,0.38,-0.34,-0.15,0.06,138.01,1.60,138.00,258.02,1.00,258.00
2.70,-1.00,277.00,1.00,0.00,0.00,55.9,3.5,-4.5,0.81,0.23,0.53,0.58,127.92,2.20,127.90,277.02,1.00,277.00
2.83,-1.00,297.00,1.00,-5.00,0.00,23.9,45.7,24.6,1.82,-0.46,0.14,1.76,129.24,-3.20,129.20,297.02,1.00,297.00
2.98,-1.00,316.00,0.00,-5.00,1.00,30.6,-32.8,11.9,1.60,0.09,0.48,1.53,124.40,-0.40,124.40,316.02,1.00,316.00
3.15,-1.00,336.00,0.00,-4.00,0.00,-31.1,-14.8,-10.4,1.01,0.06,0.23,0.99,139.00,0.00,139.00,336.02,1.00,336.00
3.28,-1.00,356.00,-2.00,-1.00,0.00,10.6,10.4,-1.5,1.70,-0.33,-0.13,1.66,135.60,0.90,135.60,356.02,1.00,356.00
3.43,-1.00,376.00,-3.00,-3.00,0.00,-49.5,-2.0,6.7,1.01,-0.14,0.20,0.98,140.80,1.00,140.80,376.02,1.00,376.00
3.58,-1.00,396.00,0.00,-3.00,0.00,-37.9,-20.4,-10.9,0.88,0.06,-0.20,0.86,137.02,2.10,137.00,396.02,1.00,396.00
3.73,0.00,416.00,0.00,0.00,0.00,27.2,-9.2,-2.6,1.19,0.06,-0.02,1.19,135.05,3.60,135.00,416.05,2.00,416.00
3.88,0.00,435.00,0.00,0.00,0.00,52.9,-22.6,0.4,2.81,0.02,0.86,2.68,131.34,6.10,131.20,435.05,2.00,435.00
4.03,0.00,455.00,0.00,-2.00,0.00,1.9,40.3,19.0,1.03,0.14,0.01,1.02,136.81,1.80,136.80,455.05,2.00,455.00
4.18,0.00,475.00,0.00,-5.00,0.00,55.5,6.8,5.7,0.64,0.16,-0.10,0.61,133.90,0.00,133.90,475.05,2.00,475.00
4.33,0.00,495.00,0.00,-5.00,0.00,-2.4,1.7,2.3,0.88,0.55,-0.03,-0.68,124.60,-0.20,124.60,495.05,2.00,495.00
4.48,0.00,515.00,0.00,-4.00,0.00,-17.1,-9.5,-8.1,2.56,-0.41,0.14,2.53,139.20,1.10,139.20,515.05,2.00,515.00
4.63,0.00,534.00,0.00,0.00,0.00,21.0,-20.2,-16.5,2.67,-0.12,0.16,2.66,129.88,4.60,129.80,534.05,2.00,534.00
4.78,0.00,554.00,0.00,-2.00,0.00,-8.1,24.6,10.1,1.43,0.80,0.18,1.18,123.81,1.30,123.80,554.05,2.00,554.00
4.93,1.00,574.00,0.00,-3.00,0.00,61.7,0.4,15.6,0.21,-0.17,-0.05,0.11,126.32,2.10,126.30,574.07,3.00,574.00
5.08,1.00,594.00,-2.00,-3.00,0.00,19.1,7.1,-7.4,1.59,-0.23,0.29,1.54,132.80,0.80,132.80,594.07,3.00,594.00
5.23,1.00,614.00,-1.00,-3.00,0.00,18.9,-3.6,-16.7,2.10,0.66,0.35,1.96,133.70,0.90,133.70,614.07,3.00,614.00
5.38,1.00,634.00,-1.00,-4.00,0.00,-10.0,-13.9,9.4,1.24,0.83,0.08,0.92,133.91,1.60,133.90,634.07,3.00,634.00
5.53,1.00,654.00,0.00,-4.00,0.00,-24.2,3.4,16.0,0.94,0.57,-0.31,0.68,129.31,1.20,129.30,654.07,3.00,654.00
5.68,1.00,674.00,0.00,-3.00,0.00,-77.6,-7.1,-7.3,0.78,-0.55,-0.28,0.48,134.11,1.30,134.10,674.07,3.00,674.00
5.83,1.00,694.00,0.00,-3.00,0.00,16.2,-5.8,-11.2,0.22,-0.08,-0.13,0.16,134.70,0.60,134.70,694.07,3.00,694.00
5.98,2.00,713.00,0.00,-4.00,0.00,74.1,-1.4,5.4,0.82,-0.61,-0.01,0.56,130.50,0.00,130.50,713.10,4.00,713.00
6.13,1.00,733.00,0.00,-6.00,0.00,25.5,25.2,7.3,2.78,-0.20,0.01,2.77,120.31,-1.30,120.30,733.13,5.00,733.00
6.28,1.00,745.00,-46.00,-5.00,0.00,325.3,-3.8,34.5,1.33,-0.35,0.85,0.96,63.76,2.70,63.70,745.13,5.00,745.00
6.43,2.00,758.00,-51.00,-10.00,-3.00,-167.5,5.4,-59.2,0.70,-0.01,0.63,0.31,83.18,6.80,82.90,758.16,6.00,758.00
6.60,4.00,766.00,-24.00,-9.00,-8.00,-140.2,-92.1,-47.0,1.14,-0.30,0.58,0.94,36.08,13.40,33.50,766.41,8.00,766.00
6.73,5.00,769.00,-19.00,-3.00,-13.00,7.4,20.5,-16.7,1.44,-0.26,0.62,1.27,28.57,5.70,28.00,769.57,9.00,769.00
6.88,6.00,773.00,-30.00,-16.00,-19.00,92.9,88.9,-36.2,1.39,0.18,0.86,1.08,28.68,5.20,28.20,773.70,10.00,773.00
7.03,7.00,776.00,-32.00,-20.00,-22.00,-211.9,-54.4,-58.7,0.75,-0.04,0.43,0.62,40.43,17.80,36.30,776.86,11.00,776.00
7.18,9.00,779.00,-16.00,-8.00,-27.00,-51.2,-145.3,3.8,1.32,0.42,0.20,1.23,17.71,15.80,8.00,780.46,13.00,779.00
7.33,11.00,780.00,-7.00,10.00,-30.00,-60.5,-80.4,-14.7,1.01,0.30,0.22,0.93,10.30,9.40,4.20,782.70,15.00,780.00
7.48,12.00,781.00,-1.00,17.00,-31.00,-40.8,48.4,5.8,1.04,0.25,0.04,1.01,4.90,0.00,4.90,784.11,16.00,781.00
7.65,12.00,782.00,5.00,6.00,-34.00,-10.4,106.5,-20.4,1.07,0.05,-0.19,1.05,9.10,-9.10,-0.30,785.11,16.00,782.00
7.78,11.00,783.00,5.00,-9.00,-40.00,56.8,89.1,-25.6,1.19,-0.35,0.04,1.13,7.51,-7.40,1.30,786.53,17.00,783.00
7.93,10.00,782.00,-1.00,-14.00,-45.00,71.0,-39.8,-11.5,1.07,-0.28,0.09,1.02,4.88,-1.30,-4.70,787.94,18.00,784.00
8.08,11.00,782.00,0.00,-2.00,-50.00,-39.8,-102.8,-37.1,0.94,0.00,-0.06,0.94,7.66,7.20,-2.60,788.94,19.00,784.00
8.23,12.00,782.00,1.00,10.00,-54.00,26.7,-32.7,-21.8,1.01,0.22,-0.01,0.99,2.47,2.30,-0.90,789.94,20.00,784.00
8.38,12.00,782.00,-1.00,8.00,-57.00,-1.6,68.3,-28.3,1.00,0.12,0.05,1.00,4.24,-1.10,4.10,789.94,20.00,784.00
8.53,12.00,783.00,0.00,-3.00,-64.00,-25.5,54.1,-63.9,0.94,-0.04,-0.06,0.93,7.81,5.00,6.00,790.94,20.00,785.00
8.68,12.00,783.00,0.00,-8.00,-68.00,42.8,-18.5,-6.9,1.01,-0.23,0.01,0.99,1.57,-0.70,-1.40,790.94,20.00,785.00
8.83,13.00,783.00,-3.00,-1.00,-73.00,35.3,-53.9,-24.1,1.07,-0.04,0.10,1.07,4.10,2.90,-2.90,791.94,21.00,785.00
8.98,13.00,782.00,-7.00,4.00,-78.00,33.9,-20.0,-18.5,1.03,0.08,0.19,1.01,1.49,0.50,-1.40,792.94,21.00,786.00
9.13,13.00,782.00,-9.00,5.00,-81.00,10.3,-24.7,-16.5,0.95,0.12,0.18,0.92,1.92,1.20,-1.50,792.94,21.00,786.00
9.28,16.00,782.00,9.00,3.00,-88.00,-313.5,38.9,-4.2,0.92,-0.02,0.07,0.92,48.59,48.50,3.00,795.94,24.00,786.00
9.43,25.00,782.00,59.00,0.00,-89.00,-2.9,29.5,5.4,0.97,0.11,-0.93,0.23,35.00,35.00,-0.50,804.94,33.00,786.00
9.58,30.00,782.00,36.00,-3.00,-89.00,110.1,9.2,26.3,3.83,-0.99,-1.15,3.52,72.71,72.70,-1.30,809.94,38.00,786.00
9.73,45.00,782.00,39.00,-2.00,-89.00,30.6,-12.8,3.0,0.97,0.30,0.01,-0.92,107.62,107.40,-6.90,824.94,53.00,786.00
9.88,62.00,781.00,32.00,0.00,-89.00,236.9,-5.9,-10.0,1.06,0.26,-0.14,1.02,116.58,116.40,-6.50,841.97,70.00,787.00
10.03,80.00,780.00,19.00,0.00,-90.00,147.2,-5.1,-7.7,1.02,-0.17,-0.21,0.99,117.03,116.90,-5.60,860.00,88.00,788.00
10.18,98.00,779.00,17.00,0.00,-90.00,-32.6,15.9,-11.5,1.88,-0.65,-0.74,1.60,131.73,131.60,-5.90,878.03,106.00,789.00
10.35,116.00,778.00,13.00,0.00,-90.00,10.5,6.9,-2.6,1.09,0.22,-0.01,1.06,125.80,125.70,-5.10,896.06,124.00,790.00
10.48,135.00,777.00,7.00,0.00,-89.00,-61.3,6.2,-10.3,0.34,0.17,-0.20,-0.22,138.13,138.10,-2.80,915.08,143.00,791.00
10.63,155.00,777.00,2.00,-2.00,-89.00,92.6,-3.2,5.0,2.61,0.77,-0.15,2.49,134.42,134.40,-2.50,935.08,163.00,791.00
10.78,175.00,777.00,0.00,-2.00,-89.00,68.5,7.7,6.5,2.31,-0.76,0.59,2.10,130.22,130.20,-2.40,955.08,183.00,791.00
10.93,195.00,776.00,0.00,-2.00,-89.00,45.0,16.2,-2.8,5.51,-0.76,0.91,5.38,123.11,123.10,-1.90,975.11,203.00,792.00
11.08,215.00,776.00,0.00,-3.00,-89.00,-51.8,-8.2,4.7,0.67,-0.01,-0.65,-0.14,131.91,131.90,-1.90,995.11,223.00,792.00
11.23,235.00,776.00,1.00,-1.00,-89.00,-19.0,-12.7,1.0,0.85,-0.59,-0.34,-0.52,137.73,137.70,-2.90,1015.11,243.00,792.00
11.38,255.00,775.00,1.00,-1.00,-89.00,-16.5,-3.4,-7.5,0.07,0.00,0.05,0.04,137.25,137.20,-3.60,1035.13,263.00,793.00
11.53,274.00,775.00,2.00,-2.00,-89.00,29.4,8.7,-13.5,1.27,0.90,-0.27,0.86,127.42,127.40,-2.50,1054.13,282.00,793.00
11.68,294.00,774.00,4.00,-2.00,-89.00,-60.2,0.2,-2.4,1.11,-0.62,-0.55,0.75,131.52,131.50,-2.40,1074.16,302.00,794.00
11.83,314.00,774.00,2.00,-2.00,-89.00,79.1,-5.5,10.7,0.67,0.47,-0.11,0.47,126.12,126.10,-2.10,1094.16,322.00,794.00
11.98,334.00,774.00,0.00,-2.00,-89.00,81.4,-6.1,9.7,1.74,0.82,0.15,1.52,131.92,131.90,-2.40,1114.16,342.00,794.00
12.13,354.00,773.00,-1.00,-2.00,-89.00,24.6,18.1,-3.0,1.27,0.08,0.44,1.19,124.40,124.40,-0.80,1134.18,362.00,795.00
12.28,373.00,773.00,-1.00,0.00,-89.00,93.4,-35.0,-2.6,0.81,-0.18,-0.35,0.71,108.95,108.90,-3.40,1153.18,381.00,795.00
12.43,384.00,772.00,-53.00,-2.00,-95.00,260.5,40.2,-124.1,1.99,-1.69,1.03,0.23,74.74,74.50,-6.00,1164.23,392.00,796.00
12.58,397.00,771.00,-46.00,-17.00,-101.00,-224.0,36.8,-93.9,0.76,-0.56,0.49,-0.11,73.86,73.10,-10.60,1177.27,405.00,797.00
12.73,403.00,768.00,-20.00,-13.00,-110.00,-170.6,-172.3,-31.2,1.02,-0.46,0.35,0.84,32.84,24.20,-22.20,1183.97,411.00,800.00
12.88,405.00,766.00,-13.00,-2.00,-119.00,57.2,40.0,-79.8,1.70,-0.51,0.80,1.40,20.18,17.70,-9.70,1186.80,413.00,802.00
13.03,409.00,765.00,-24.00,-25.00,-130.00,133.8,138.4,-39.4,0.93,-0.21,0.63,0.64,19.20,18.30,-5.80,1190.93,417.00,803.00
13.18,411.00,763.00,-20.00,-30.00,-137.00,-107.5,-141.3,-51.7,0.90,-0.45,0.44,0.64,30.58,12.30,-28.00,1193.75,419.00,805.00
13.33,411.00,759.00,-13.00,-6.00,-142.00,62.0,-146.9,-8.3,1.06,-0.20,0.32,1.00,12.06,-4.20,-11.30,1197.75,419.00,809.00
13.48,411.00,757.00,-13.00,9.00,-151.00,-50.0,-76.9,-69.4,0.91,0.14,0.26,0.86,16.81,0.50,-16.80,1199.75,419.00,811.00
13.63,411.00,756.00,-16.00,11.00,-160.00,-8.8,56.5,-57.9,1.33,0.16,0.49,1.23,4.67,3.40,-3.20,1200.75,419.00,812.00
13.78,412.00,754.00,-2.00,-4.00,-170.00,38.3,111.9,-51.1,1.08,-0.11,0.09,1.07,6.72,6.70,-0.50,1202.99,420.00,814.00
13.93,413.00,753.00,0.00,-16.00,179.00,14.4,8.8,-122.8,1.05,-0.43,0.15,0.95,2.60,0.70,2.50,1204.40,421.00,815.00
14.08,413.00,753.00,2.00,-9.00,169.00,31.5,-92.7,-57.3,0.97,-0.23,-0.11,0.94,5.97,-5.90,-0.90,1204.40,421.00,815.00
14.23,412.00,754.00,-1.00,5.00,161.00,51.1,-68.8,-36.9,0.99,0.14,0.07,0.97,5.10,-5.10,-0.20,1205.82,422.00,816.00
14.38,411.00,754.00,-8.00,8.00,152.00,-115.7,35.6,-74.4,1.09,0.17,0.20,1.05,12.57,-5.30,-11.40,1206.82,423.00,816.00
14.53,411.00,753.00,-2.00,-1.00,143.00,-65.6,85.5,-55.0,1.00,-0.09,-0.01,1.00,5.50,2.30,-5.00,1207.82,423.00,817.00
14.68,412.00,752.00,0.00,-12.00,132.00,10.0,17.5,-71.6,1.04,-0.25,0.04,1.01,1.26,1.20,-0.40,1209.23,424.00,818.00
14.83,412.00,752.00,0.00,-8.00,123.00,11.2,-72.9,-27.1,1.04,-0.15,0.03,1.02,6.63,1.30,6.50,1209.23,424.00,818.00
14.98,411.00,753.00,0.00,3.00,115.00,-10.7,-56.5,-48.1,0.97,0.14,0.01,0.96,8.10,-8.10,0.20,1210.65,425.00,819.00
15.13,411.00,753.00,-4.00,6.00,107.00,34.9,32.0,-117.3,0.99,0.22,0.16,0.95,2.72,2.60,-0.80,1210.65,425.00,819.00
15.28,411.00,753.00,-7.00,-2.00,98.00,-3.6,72.4,-36.6,1.11,-0.17,0.22,1.07,5.87,-4.00,-4.30,1210.65,425.00,819.00
15.43,409.00,749.00,8.00,-2.00,160.00,-445.4,57.8,250.5,0.88,-0.23,-0.14,0.84,54.21,-19.70,-50.50,1215.12,427.00,823.00
15.58,407.00,743.00,39.00,-10.00,177.00,-136.7,-71.9,-20.1,1.17,-0.45,-0.98,0.44,47.88,-11.80,-46.40,1221.44,429.00,829.00
15.73,405.00,735.00,38.00,2.00,178.00,30.7,-69.8,-27.5,1.51,-0.91,-0.43,1.13,83.81,-13.60,-82.70,1229.69,431.00,837.00
15.88,404.00,721.00,26.00,4.00,178.00,88.4,29.9,18.7,0.93,0.70,-0.16,0.59,110.26,-3.70,-110.20,1243.73,432.00,851.00
16.05,404.00,704.00,11.00,1.00,179.00,33.3,16.5,11.5,0.90,0.58,0.39,0.56,123.32,-2.00,-123.30,1260.73,432.00,868.00
16.18,403.00,687.00,17.00,3.00,179.00,-86.0,-29.2,-14.7,1.16,-0.39,-0.23,1.07,116.37,-4.00,-116.30,1277.75,433.00,885.00
16.33,403.00,670.00,27.00,3.00,179.00,-49.8,26.5,14.5,1.27,0.57,-0.16,1.13,116.51,-1.60,-116.50,1294.75,433.00,902.00
16.46,403.00,653.00,19.00,0.00,-179.00,29.0,15.9,-2.1,2.08,0.34,-0.35,2.02,115.10,0.30,-115.10,1311.75,433.00,919.00
16.61,403.00,635.00,7.00,0.00,-178.00,28.2,1.1,0.9,0.26,0.03,-0.22,-0.14,123.90,0.50,-123.90,1329.75,433.00,937.00
16.76,403.00,616.00,0.00,0.00,-178.00,-87.2,5.8,4.5,1.27,-0.23,-0.31,1.21,137.50,0.70,-137.50,1348.75,433.00,956.00
16.91,403.00,596.00,-4.00,-1.00,-178.00,1.6,30.9,-2.4,0.47,-0.45,0.04,-0.13,128.52,2.00,-128.50,1368.75,433.00,976.00
17.06,403.00,577.00,-5.00,-2.00,-178.00,-66.3,-6.8,2.8,0.69,-0.24,-0.14,0.63,140.80,1.10,-140.80,1387.75,433.00,995.00
17.21,403.00,558.00,-2.00,0.00,-177.00,19.1,-17.2,3.6,0.93,-0.49,0.18,0.77,123.10,0.00,-123.10,1406.75,433.00,1014.00
17.36,403.00,538.00,0.00,-1.00,-178.00,-120.9,-14.6,0.0,0.72,0.65,-0.22,0.20,133.70,0.00,-133.70,1426.75,433.00,1034.00
17.51,403.00,519.00,2.00,-1.00,-179.00,10.8,2.4,-6.1,0.62,0.05,-0.14,0.60,129.30,0.10,-129.30,1445.75,433.00,1053.00
17.70,403.00,501.00,3.00,0.00,-178.00,57.6,-13.0,-1.5,1.39,-0.10,-0.04,1.38,126.50,-0.20,-126.50,1463.75,433.00,1071.00
17.81,403.00,482.00,0.00,0.00,-179.00,45.9,-15.0,7.5,1.49,-0.21,0.37,1.42,121.10,-0.20,-121.10,1482.75,433.00,1090.00
17.96,403.00,462.00,0.00,0.00,-178.00,73.6,2.1,0.0,1.83,-0.51,0.53,1.68,122.90,0.40,-122.90,1502.75,433.00,1110.00
18.11,403.00,443.00,0.00,0.00,-178.00,56.3,-4.2,-11.1,1.40,0.35,0.42,1.29,120.10,0.00,-120.10,1521.75,433.00,1129.00
18.26,403.00,424.00,0.00,0.00,-178.00,14.7,-8.2,-5.5,0.76,0.35,-0.04,0.67,129.60,0.00,-129.60,1540.75,433.00,1148.00
18.41,403.00,404.00,-1.00,0.00,-179.00,43.7,0.1,0.0,1.34,0.48,0.87,0.90,122.50,-0.10,-122.50,1560.75,433.00,1168.00
18.56,403.00,385.00,-1.00,0.00,-179.00,58.1,-2.0,7.2,1.39,0.24,0.33,1.33,125.00,-0.50,-125.00,1579.75,433.00,1187.00
18.71,403.00,366.00,-2.00,0.00,-178.00,28.1,2.8,3.8,1.66,0.24,0.24,1.62,118.00,0.00,-118.00,1598.75,433.00,1206.00
18.86,403.00,347.00,-3.00,0.00,-178.00,-131.0,-0.1,7.4,1.37,0.37,0.49,1.23,140.00,0.70,-140.00,1617.75,433.00,1225.00
19.01,403.00,327.00,0.00,-1.00,-178.00,-25.1,16.5,-0.7,0.44,0.28,-0.07,0.33,135.41,1.50,-135.40,1637.75,433.00,1245.00
19.16,404.00,308.00,0.00,-1.00,-178.00,-19.8,-6.6,-1.3,1.02,0.44,0.49,0.78,126.40,0.30,-126.40,1656.78,434.00,1264.00
19.31,404.00,289.00,0.00,-1.00,-178.00,-1.2,0.1,5.0,0.97,0.43,-0.09,0.87,123.70,0.90,-123.70,1675.78,434.00,1283.00
19.46,404.00,270.00,0.00,-3.00,-178.00,-40.0,31.1,12.2,0.59,0.05,-0.29,0.51,127.33,2.80,-127.30,1694.78,434.00,1302.00
19.61,405.00,251.00,-1.00,-8.00,-176.00,-16.1,40.3,-0.3,0.79,-0.65,-0.24,-0.38,130.13,5.90,-130.00,1713.81,435.00,1321.00
19.76,405.00,232.00,0.00,-9.00,-175.00,51.4,-20.4,9.1,0.97,-0.73,0.33,0.55,115.97,4.10,-115.90,1732.81,435.00,1340.00
19.91,406.00,213.00,0.00,-9.00,-175.00,-41.1,-19.4,-6.4,0.94,0.93,-0.12,-0.01,131.81,5.40,-131.70,1751.83,436.00,1359.00
20.06,407.00,194.00,0.00,-8.00,-176.00,-30.4,-4.5,2.3,1.33,-0.79,-0.55,0.92,125.67,4.20,-125.60,1770.86,437.00,1378.00
20.21,408.00,175.00,0.00,-7.00,-176.00,44.7,-3.4,-15.2,1.40,-0.44,-0.12,1.33,127.95,3.70,-127.90,1789.89,438.00,1397.00
20.36,408.00,156.00,0.00,-6.00,-177.00,8.8,-14.0,2.6,1.35,-0.52,0.11,1.25,132.02,2.30,-132.00,1808.89,438.00,1416.00
20.51,408.00,136.00,-2.00,-6.00,-177.00,-71.4,-5.3,1.8,1.06,-0.26,0.34,0.97,140.42,2.40,-140.40,1828.89,438.00,1436.00
20.66,409.00,117.00,-2.00,-5.00,-177.00,28.5,3.1,-4.4,2.51,0.02,0.33,2.49,124.90,1.00,-124.90,1847.91,439.00,1455.00
20.81,409.00,97.00,-2.00,-3.00,-178.00,-74.4,-16.1,-11.4,0.93,0.03,-0.15,0.91,131.00,-0.20,-131.00,1867.91,439.00,1475.00
20.96,409.00,78.00,-1.00,-3.00,-179.00,0.0,-9.9,10.0,1.06,-0.10,0.28,1.02,130.80,-0.60,-130.80,1886.91,439.00,1494.00
21.11,408.00,59.00,0.00,-3.00,179.00,-28.0,5.9,5.4,2.23,0.64,-0.07,2.13,125.50,-0.90,-125.50,1905.94,440.00,1513.00
21.26,408.00,40.00,-2.00,-3.00,-179.00,-39.6,-6.2,-2.6,0.44,0.15,-0.02,0.41,127.60,-0.30,-127.60,1924.94,440.00,1532.00
21.41,408.00,20.00,0.00,-4.00,-178.00,-4.4,9.2,-5.3,0.60,0.27,-0.48,-0.25,122.20,1.00,-122.20,1944.94,440.00,1552.00
21.56,408.00,9.00,-44.00,-8.00,175.00,322.0,51.0,-6.7,1.18,-0.33,0.87,0.73,56.93,-3.80,-56.80,1955.94,440.00,1563.00
21.71,406.00,0.00,-50.00,-30.00,162.00,-130.4,38.5,-101.5,1.28,-0.01,0.94,0.86,65.76,-18.50,-63.10,1965.16,442.00,1572.00
21.86,401.00,-7.00,-18.00,-18.00,152.00,-84.3,-308.3,-67.4,1.28,0.16,0.74,1.03,36.34,-34.40,-11.70,1973.76,447.00,1579.00
22.01,398.00,-8.00,-14.00,1.00,136.00,139.7,106.7,-112.3,0.93,-0.28,0.39,0.79,2.95,2.60,-1.40,1976.92,450.00,1580.00
22.16,397.00,-11.00,-27.00,-40.00,119.00,62.0,223.9,-107.4,1.25,-0.99,0.44,0.62,24.16,-12.30,-20.80,1980.08,451.00,1583.00
22.31,394.00,-12.00,-10.00,-46.00,107.00,-68.0,-298.7,-99.0,1.25,-1.09,0.41,0.43,28.90,-26.60,11.30,1983.25,454.00,1584.00
22.46,392.00,-8.00,-12.00,3.00,97.00,92.2,-151.9,-54.0,1.17,0.03,0.34,1.12,14.10,5.70,12.90,1987.72,456.00,1588.00
22.61,392.00,-7.00,-14.00,11.00,82.00,-139.4,19.6,-111.1,1.08,0.27,0.35,0.99,18.97,-18.30,5.00,1988.72,456.00,1589.00
22.76,390.00,-7.00,-4.00,0.00,69.00,-62.1,105.9,-67.5,0.98,-0.05,0.06,0.98,11.14,-10.90,-2.30,1990.72,458.00,1589.00
22.91,389.00,-8.00,2.00,-13.00,54.00,-0.6,35.6,-54.0,1.02,-0.23,-0.04,1.00,5.54,-5.50,0.70,1992.13,459.00,1590.00
23.06,389.00,-7.00,3.00,-10.00,41.00,31.3,-67.1,-136.9,0.93,-0.16,-0.08,0.92,9.37,-2.60,9.00,1993.13,459.00,1591.00
23.21,389.00,-7.00,0.00,1.00,28.00,64.9,-65.1,-61.2,0.97,0.00,0.02,0.97,6.71,6.30,-2.30,1993.13,459.00,1591.00
23.36,389.00,-6.00,-7.00,3.00,14.00,-16.4,55.0,-79.3,1.04,0.07,0.23,1.01,8.55,-4.10,7.50,1994.13,459.00,1592.00
23.51,388.00,-5.00,-1.00,-8.00,1.00,-28.4,66.3,-124.7,1.06,-0.01,0.07,1.06,7.16,-3.90,6.00,1995.55,460.00,1593.00
23.66,388.00,-5.00,0.00,-12.00,-12.00,43.1,-29.3,-55.0,1.00,-0.31,0.04,0.95,3.41,2.60,2.20,1995.55,460.00,1593.00
23.81,389.00,-5.00,-4.00,-2.00,-25.00,32.7,-82.7,-129.8,0.95,-0.03,0.19,0.93,6.79,4.80,-4.80,1996.55,461.00,1593.00
23.96,390.00,-5.00,0.00,5.00,-36.00,1.4,7.4,-43.6,1.07,0.12,0.07,1.06,3.30,1.90,2.70,1997.55,462.00,1593.00
24.11,390.00,-5.00,0.00,-2.00,-52.00,-17.2,76.5,-92.6,0.99,-0.04,0.02,0.99,7.02,1.30,6.90,1997.55,462.00,1593.00
24.26,390.00,-4.00,0.00,-12.00,-66.00,67.3,19.8,-158.9,0.96,0.46,0.07,0.85,3.20,-3.20,0.00,1998.55,462.00,1594.00
24.41,390.00,-4.00,-1.00,-9.00,-80.00,-18.0,-59.4,-44.3,1.06,-0.18,0.09,1.04,7.38,6.70,-3.10,1998.55,462.00,1594.00
24.58,390.00,-4.00,1.00,4.00,-9.00,-39.1,-84.6,844.9,1.41,-0.21,0.38,1.34,22.01,11.60,18.70,1998.55,462.00,1594.00
24.71,389.00,-4.00,1.00,-6.00,77.00,-269.9,39.7,106.8,1.27,-0.70,-0.03,1.06,25.70,-25.40,3.90,1999.55,463.00,1594.00
24.88,383.00,-3.00,39.00,-10.00,88.00,-70.2,-46.2,-13.9,1.01,-0.42,-0.56,0.73,43.20,-41.50,12.00,2005.63,469.00,1595.00
25.01,376.00,-1.00,42.00,0.00,88.00,126.8,-91.5,-38.0,1.40,0.30,-0.66,1.20,65.05,-63.90,12.20,2012.91,476.00,1597.00
25.16,362.00,0.00,37.00,5.00,89.00,86.5,11.9,18.3,1.42,0.54,-0.78,1.06,96.29,-96.10,6.00,2026.95,490.00,1598.00
25.31,346.00,0.00,29.00,1.00,90.00,30.8,3.7,-10.2,1.96,0.82,-0.65,1.65,122.51,-122.50,1.70,2042.95,506.00,1598.00
25.46,329.00,0.00,22.00,1.00,90.00,165.7,-23.8,-15.3,1.30,-0.40,0.09,1.23,101.91,-101.90,1.70,2059.95,523.00,1598.00
25.61,311.00,0.00,22.00,1.00,89.00,134.8,30.2,14.4,0.32,0.15,0.18,0.21,106.30,-106.30,-0.20,2077.95,541.00,1598.00
25.76,292.00,0.00,15.00,0.00,90.00,210.7,-0.6,-17.6,1.01,-0.85,0.05,-0.53,109.60,-109.60,0.80,2096.95,560.00,1598.00
25.91,273.00,0.00,4.00,0.00,90.00,36.6,-13.7,1.2,0.94,-0.22,0.30,0.87,125.51,-125.50,1.50,2115.95,579.00,1598.00
26.06,253.00,0.00,0.00,0.00,90.00,25.9,-9.4,13.9,1.33,0.84,-0.34,0.98,133.10,-133.10,0.80,2135.95,599.00,1598.00
26.21,233.00,0.00,0.00,0.00,89.00,-24.1,-3.2,-9.9,0.34,-0.05,0.03,0.34,135.71,-135.70,1.40,2155.95,619.00,1598.00
26.36,213.00,1.00,-2.00,0.00,89.00,-49.8,-3.4,-18.2,2.20,-0.05,0.15,2.19,138.91,-138.90,1.90,2175.97,639.00,1599.00
26.51,193.00,1.00,0.00,0.00,90.00,-34.3,-7.3,-0.6,0.59,0.34,-0.26,0.40,137.10,-137.10,0.80,2195.97,659.00,1599.00
26.66,173.00,1.00,0.00,0.00,90.00,71.0,-28.7,-2.1,0.61,-0.52,-0.20,0.25,127.23,-127.20,2.80,2215.97,679.00,1599.00
26.81,153.00,1.00,0.00,0.00,89.00,7.0,30.3,-1.2,1.45,-0.73,-0.04,-1.25,132.20,-132.20,0.20,2235.97,699.00,1599.00
26.96,133.00,1.00,0.00,0.00,90.00,59.0,-12.7,7.5,4.02,-0.35,0.79,3.93,131.20,-131.20,1.00,2255.97,719.00,1599.00
27.11,113.00,1.00,1.00,0.00,90.00,-70.5,-17.2,5.3,1.66,0.08,0.43,1.60,131.31,-131.30,1.80,2275.97,739.00,1599.00
27.26,93.00,2.00,0.00,0.00,89.00,8.8,-5.3,-15.5,2.42,-0.72,0.50,2.25,131.73,-131.70,2.60,2296.00,759.00,1600.00
27.41,73.00,2.00,0.00,0.00,89.00,-47.7,7.8,-2.7,2.63,0.71,0.24,2.52,134.41,-134.40,1.20,2316.00,779.00,1600.00
27.56,53.00,2.00,0.00,0.00,90.00,-41.6,5.2,-1.7,0.27,-0.10,-0.24,0.07,139.30,-139.30,-0.40,2336.00,799.00,1600.00
27.71,40.00,2.00,-40.00,-1.00,90.00,388.6,-13.8,31.8,0.97,-0.06,0.87,0.44,62.12,-62.10,-1.60,2349.00,812.00,1600.00
27.86,27.00,2.00,-57.00,1.00,89.00,-127.2,-5.7,-1.4,1.35,-0.13,1.30,0.33,95.10,-95.10,0.00,2362.00,825.00,1600.00
28.01,16.00,1.00,-32.00,0.00,89.00,5.7,47.5,-17.7,0.97,-0.24,0.64,0.69,26.40,-26.00,-4.60,2373.04,836.00,1601.00
28.16,12.00,1.00,-21.00,-5.00,90.00,-39.6,-4.0,8.4,1.46,-0.32,0.73,1.22,15.36,-15.30,-1.30,2377.04,840.00,1601.00
28.31,9.00,1.00,-21.00,-1.00,91.00,22.3,-15.0,-5.8,0.85,-0.09,0.48,0.70,32.81,-32.80,0.90,2380.04,843.00,1601.00
28.46,6.00,1.00,-34.00,0.00,89.00,73.2,-0.9,-12.6,1.41,0.11,0.96,1.03,17.71,-17.70,0.70,2383.04,846.00,1601.00
28.61,2.00,1.00,-28.00,0.00,90.00,-19.8,2.0,-3.7,1.05,-0.06,0.61,0.85,18.11,-18.10,-0.70,2387.04,850.00,1601.00
28.76,0.00,1.00,-24.00,-1.00,89.00,-90.4,16.3,-16.3,1.38,-0.06,0.77,1.15,11.24,-11.20,-0.90,2389.04,852.00,1601.00
28.91,0.00,1.00,-15.00,-4.00,89.00,-31.6,9.3,-6.4,1.02,-0.10,0.29,0.97,5.51,-5.50,-0.40,2389.04,852.00,1601.00
29.06,0.00,1.00,-8.00,-3.00,89.00,-41.3,-22.8,0.0,1.02,-0.09,0.16,1.00,4.14,-3.90,1.40,2389.04,852.00,1601.00
29.21,0.00,1.00,-4.00,0.00,89.00,6.5,-17.5,0.5,1.00,0.01,0.08,1.00,1.17,-0.40,1.10,2389.04,852.00,1601.00
29.36,0.00,1.00,-9.00,0.00,89.00,47.9,16.0,-2.4,1.03,-0.01,0.21,1.00,2.47,2.30,-0.90,2389.04,852.00,1601.00
29.51,0.00,1.00,-12.00,-2.00,89.00,27.7,15.7,-1.0,1.10,-0.06,0.32,1.05,1.70,-1.30,-1.10,2389.04,852.00,1601.00
29.66,0.00,1.00,-13.00,-2.00,90.00,-10.3,-8.2,5.4,0.95,-0.07,0.20,0.92,2.22,-2.20,0.30,2389.04,852.00,1601.00
29.83,0.00,1.00,-13.00,0.00,90.00,-5.4,-21.3,5.5,1.03,-0.01,0.26,1.00,1.34,-0.60,1.20,2389.04,852.00,1601.00
29.98,0.00,1.00,-11.00,1.00,91.00,-16.9,-2.8,1.1,1.02,0.01,0.22,1.00,1.20,-1.20,0.10,2389.04,852.00,1601.00
30.11,-1.00,1.00,-9.00,0.00,90.00,-2.1,14.1,-1.8,1.02,-0.01,0.19,1.00,0.82,-0.20,-0.80,2390.04,853.00,1601.00
30.24,-1.00,1.00,-10.00,-1.00,90.00,4.6,12.9,-1.7,1.03,-0.04,0.21,1.00,0.71,0.10,-0.70,2390.04,853.00,1601.00
30.39,-1.00,1.00,-11.00,-2.00,90.00,11.9,0.5,0.6,1.02,-0.08,0.23,0.99,0.60,0.60,0.00,2390.04,853.00,1601.00
30.54,0.00,1.00,-12.00,-1.00,90.00,0.0,-17.6,2.8,1.05,-0.04,0.28,1.02,1.00,0.00,1.00,2391.04,854.00,1601.00
30.69,-1.00,1.00,-11.00,0.00,91.00,-10.0,-12.9,2.5,1.02,0.00,0.23,1.00,1.00,-0.60,0.80,2392.04,855.00,1601.00
30.86,-1.00,1.00,-10.00,0.00,91.00,-2.8,4.8,-0.3,1.01,0.00,0.20,0.99,0.14,-0.10,-0.10,2392.04,855.00,1601.00
30.99,-1.00,1.00,-11.00,0.00,91.00,13.7,15.2,-2.5,1.04,-0.02,0.24,1.01,1.13,0.80,-0.80,2392.04,855.00,1601.00
31.14,-1.00,1.00,-12.00,-2.00,90.00,-2.1,10.0,-1.9,1.05,-0.07,0.25,1.02,0.50,0.00,-0.50,2392.04,855.00,1601.00
31.29,-1.00,1.00,-11.00,-2.00,90.00,-4.1,-12.6,2.2,1.02,-0.06,0.23,0.99,0.73,-0.20,0.70,2392.04,855.00,1601.00
31.44,-1.00,1.00,-11.00,0.00,90.00,2.3,-14.9,2.5,1.03,-0.01,0.25,1.00,0.91,0.10,0.90,2392.04,855.00,1601.00
31.59,-1.00,1.00,-11.00,0.00,91.00,-2.5,0.5,0.0,1.01,0.00,0.23,0.98,0.10,-0.10,0.00,2392.04,855.00,1601.00
31.74,-1.00,1.00,-11.00,0.00,90.00,-1.7,16.6,-3.0,1.02,-0.02,0.24,1.00,0.90,0.00,-0.90,2392.04,855.00,1601.00
31.89,-1.00,1.00,-12.00,-1.00,90.00,10.0,6.4,-0.5,1.02,-0.07,0.25,0.99,0.67,0.60,-0.30,2392.04,855.00,1601.00
32.04,-1.00,1.00,-12.00,-1.00,90.00,-10.1,-13.3,2.2,1.03,-0.04,0.24,1.00,0.94,-0.50,0.80,2392.04,855.00,1601.00
32.21,-1.00,1.00,-11.00,0.00,91.00,-0.5,-7.9,1.1,1.02,0.00,0.23,1.00,0.50,0.00,0.50,2392.04,855.00,1601.00
32.34,-1.00,1.00,-11.00,0.00,91.00,3.8,12.9,-2.2,1.03,-0.01,0.23,1.00,0.63,0.20,-0.60,2392.04,855.00,1601.00
32.49,-1.00,1.00,-11.00,-1.00,90.00,7.5,10.0,-1.3,1.02,-0.06,0.23,0.99,0.64,0.40,-0.50,2392.04,855.00,1601.00
32.64,-1.00,1.00,-12.00,-1.00,90.00,-6.9,-11.3,1.8,1.02,-0.04,0.24,1.00,0.67,-0.30,0.60,2392.04,855.00,1601.00
32.79,-1.00,1.00,-11.00,0.00,90.00,-4.1,-11.3,1.9,1.02,0.00,0.22,1.00,0.73,-0.20,0.70,2392.04,855.00,1601.00
32.94,-1.00,1.00,-11.00,0.00,91.00,4.1,11.4,-1.8,1.04,-0.02,0.23,1.01,0.63,0.20,-0.60,2392.04,855.00,1601.00
33.09,-1.00,1.00,-12.00,0.00,90.00,6.5,10.4,-1.7,1.02,-0.05,0.25,0.99,0.58,0.30,-0.50,2392.04,855.00,1601.00
33.24,-1.00,1.00,-12.00,-1.00,90.00,-5.6,-8.6,1.5,1.03,-0.05,0.25,1.00,0.54,-0.20,0.50,2392.04,855.00,1601.00
